"Пакет / статус","Название","Сайт"
"Золотой","4Dev","https://4dev.com/"
"Золотой","V3V","https://v3v.xyz"
"Золотой","Андрей Румянцев","https://andreyr.com"
"Серебряный","Hit Hunt","https://hit-hunt.com/en"
"Серебряный","Fledge","https://fledge.love/"
"Серебряный","BETBY","https://betby.com/"
"Серебряный","CENTURY 21 Zona Alta","https://www.century21.es/agencias/zonaalta"
"Серебряный","Brazilmama","https://brazilmama.com/"
"Бронзовый","ALG Legal","https://algl.legal/"
"Бронзовый","Openrelo","https://guides.openrelo.com/ru"
"Бронзовый","Colibrix One","https://colibrix.one/"
"Бронзовый","KIT Global","https://kit.global/"
